﻿原始链接,案号,案件名称,法院,所属地区,案件类型,案件类型编码,来源,审理程序,裁判日期,公开日期,当事人,案由,法律依据,全文
https://wenshu.court.gov.cn/website/wenshu/181107ANFZ0BXSK4/index.html?docId=665113ff5e3240f0bfa4cc3ff51e6fa8,（2000）汉民初字第80号,李某某诉夏某某离婚纠纷一审民事判决书,汉阴县人民法院,汉阴县,民事案件,1,www.macrodatas.cn,一审,2000-06-29,2016-08-18,"李某某,夏某某",离婚纠纷,《中华人民共和国婚姻法（1980年）》：第二十五条第一款，第二十九条第一款，第三十一条,陕西省汉阴县人民法院民 事 判 决 书（2000）汉民初字第80号原告李某某，男，汉族，农民。被告夏某某，女，汉族，农民。原告李某某与被告夏某某离婚一案，本院受理后，依法组成合议庭，公开开庭进行审理。原告李某某到庭加诉讼，被告夏某某经公告传唤期满后未到庭应诉。本案现已审理终结。原告诉称：我与被告夏某某1991年12月17日开始同居生活，，1994年10月20日办理结婚登记手续，1993年12月27日生育一子取名李某某；1997年3月，被告夏某某嫌我家里穷离家出走至今。我们夫妻关系名存实亡，故起诉要求离婚。审理查明：原、被告于1991年12月17日开始同居生活，1993年12月27日生育一子，取名李某某，1994年10月20日补办结婚登记手续。1997年3月被告夏某某外出至今下落不明。双方婚后共同财产有：土木结构瓦房2间、立柜1个、高低柜1个、箱带柜1个、飞鸽28型自行车1辆、木椅2把、木脚盆2个、被子2床。2000年3月22日，原告向本院起诉要求与被告离婚。本院受理后，于2000年3月27日发出公告，公告期满后，被告未到庭应诉。上述事实，已被村、镇证明及证人证言所证实。本院认为：原、被告结婚时间较长，婚后感情一般。1997年后，被告夏某某外出，已长达3年不履行家庭义务，其夫妻感情确已破裂。故原告的诉讼请求本院予以支持。依据《中华人民共和国婚姻法》第二十五条、第二十九条、第三十一条之规定，判决如下：一、准予李某某与夏某某离婚。二、婚生子李某某由李某某抚养，成人后随父随母由其自择。三、婚后共同财产：土木结构瓦房2间、立柜1个、高低柜1个、箱带柜1个、飞鸽28型自行车1辆、木椅2把、木脚盆2个、被子2床。其中靠北边房屋1间、高低柜1个、箱带柜1个归被告夏某某所有(暂由李某某代管)。其余财产均归原告李某某所有。案件案件受理费50元，其他费用150元，由原告李某某负担。如不服本判决，可在判决书送达之日起15日内向本院递交上诉状，并按对方当事人的人数提出副本，上诉至陕西省安康市中级人民法院。审　判　长　　李小杰人民陪审员　　李辉华人民陪审员　　黄红卫二〇〇〇年六月二十九日书　记　员　　张　珍 马 克 数 据 网
https://wenshu.court.gov.cn/website/wenshu/181107ANFZ0BXSK4/index.html?docId=4c8e779ceb214b8e9077a71a0096bb26,（2000）阿民初字第21号,王加伟与孟显计欠款纠纷一审民事裁定书,阿克塞哈萨克族自治县人民法院,阿克塞哈萨克族自治县,民事案件,1,www.macrodatas.cn,一审,2000-06-23,2017-02-23,"王加伟,孟显计",合同、无因管理、不当得利纠纷,《中华人民共和国民事诉讼法（1991年）》：第一百三十一条第一款,阿克塞哈萨克族自治县人民法院民 事 裁 定 书（2000）阿民初字第21号原告：王加伟，男。被告：孟显计，男。本院在审理原告王加伟诉被告孟显计欠款纠纷一案中，原告王加伟于二〇〇〇年六月二十三日向本院提出撤诉申请。本院认为此案在审理过程中，被告已自觉履行了义务，原告为此申请撤诉符合有关法律规定，本院应予以准许。依照《中华人民共和国民事诉讼法》第一百三十一条第一款之规定裁定如下：准许原告王加伟撤回起诉。本案诉讼费79元由原告王加伟承担。审判员　　许兰新二〇〇〇年六月二十三日书记员　　哈再拉 搜索“马 克 数 据 网”
https://wenshu.court.gov.cn/website/wenshu/181107ANFZ0BXSK4/index.html?docId=5b1bdaae376c4e7c86604ae524303e63,（2000）霍民初字第575号,李某与杨某离婚纠纷一审民事裁定书,霍邱县人民法院,霍邱县,民事案件,1,www.macrodatas.cn,一审,2000-06-19,2016-09-30,"李某,杨某",离婚纠纷,《中华人民共和国民事诉讼法（1991年）》：第一百三十一条第一款,安徽省霍邱县人民法院民 事 裁 定 书﹝2000﹞霍民初字第575号原告：李某，女，汉族，住安徽省霍邱县。被告：杨某，男，汉族，住安徽省霍邱县。原告李某诉被告杨某离婚纠纷一案中，本院在审理过程中，原告李某以经人劝说，双方和好为由，原告李某于2000年6月18日向本院提出撤诉申请，要求撤回对杨某的离婚诉讼。本院认为，原、被告婚姻有基础，婚后有感情，况且子女已长大的成人，原告起诉离婚为一时感情冲动所致，现申请撤诉，符合有关法律规定，予以准许。依照《中华人民共和国民事诉讼法》第一百三十一条第一款之规定，裁定如下：准许原告李某撤回起诉。案件受理费50元，其他实际支出费用350元，计400元，由原告李某负担。审判长　王　勇审判员　汤京胜审判员　张　兵二〇〇〇年六月十九日书记员　李庆康 更多数据：www.macrodatas.cn
https://wenshu.court.gov.cn/website/wenshu/181107ANFZ0BXSK4/index.html?docId=87cc730b511f4c85831fa71a0096c4ad,（2000）阿民初字第18号,许生泉与任德贷款担保纠纷一审民事判决书,阿克塞哈萨克族自治县人民法院,阿克塞哈萨克族自治县,民事案件,1,www.macrodatas.cn,一审,2000-06-29,2017-02-23,"许生泉,任德",金融借款合同纠纷,《中华人民共和国民法通则》：第八十九条，第一百零八条,阿克塞哈萨克族自治县人民法院民 事 判 决 书（2000）阿民初字第18号原告：许生泉，男，委托代理人：李桂英，女，家属，（原告之妻）。被告：任德，男。原告许生泉与被告任德贷款担保纠纷一案，本院受理后，依法由审判员阿尔斯坦独任审判、公开开庭进行了审理。原告委托代理人李桂英到庭参加了诉讼。被告任德经本院合法传唤无正当理由拒不到庭。本案现已审理终结。原告许生泉诉称，1997年3月31日被告任德以办砖厂资金不足为由，从原告处借了面额为14500元的存折一张，作抵押在民主信用社贷款12000元。原告并在担保合同上签了名字为被告作了担保人。当时双方商定，所借存折最迟于1997年底归还。存折归还期届满后，经原告向被告多次催要该存折，但至今未还。诉至法院，要求被告任德偿还14500元或将其所修建的房屋顶债交付原告，并承担本案诉讼费。被告任德辩称，1997年我因办砖厂，向杨德全借过存折，用于贷款，原告所提供的借存折条据是本厂雇工（红砖推销员）张勤所写，在该条据落款处盖的“任德之印”印章是伪造的，所借存折与我无关，原告应向写借据人张勤追偿债务，故应驳回原告的诉求。经审理查明，1997年3月31日被告为办砖厂，向原告之妻李桂英借面额为14500元的定期存单，作抵押从阿克塞县民主农村信用合作社（现改为阿克塞县农衬信用合作社联合社）贷款12000元，合同上由债权人、被告签名盖章，原告并以保证人名义签了名。同时被告雇工张勤向原告替被告出具欠条，且双方商定，存单最迟于97年底归还。存单归还期届满后，原告多次向被告索要存单，被告以无钱为由拒不归还。1998年10月被告清偿579天的贷款利息3116.30元。此后，信用联社和原告曾多次找被告督促归还贷款或存单，但被告均未归还。信用联社于2000年4月6日，6月21日曾两次向原告下发贷款但保催收通知单，责令督促被告偿还贷款或履行保证人义务。为此双方发生纠纷，原告诉至本院，要求被告归还面额14500元的存单或将其所修建的两间住房抵顶债务交付原告。事实有欠条，保证担保借款合同，信用社利息通知单，两份阿克塞县农村信用合作社联合社贷款担保催收通知单，证人证言及当事人的陈述所证实。本院认为，原、被告间形成的是贷款担保合同债务关系，原告所抵押的存单，当被告任德不履行债务时，按合同约定抵顶被告债务（贷款）后，再向被告追偿，符合法律规定，但要求被告将房屋抵顶欠原告债务的请求，不予支持；被告所提欠条落款处盖的“任德之印”印章是伪造的，储存单与被告无关，原告应向写欠条人追偿债务的辩称，因被告任德提供不出相关证据，也无其他事实依据，故不予采纳。为了保护当事人合法的民事权益，正确调整民事关系，化解社会矛盾，维护社会秩序，依照《中华人民共和国民法通则》第八十九条（一）项、第一百零八条的规定，判决如下：被告任德偿付原告许生泉担保款人民币14500元，限于本判决生效后十五日内给付。案件受理费580元，由被告任德负担。自本判决生效后十五日内交纳。如不服本判决，可在判决书送达之日起十五日内：向本院递交上诉状，并按对方当事人的人数提出副本，上诉于甘肃省酒泉地区中级人民法院。审判员　阿尔斯坦二〇〇〇年六月二十九日书记员　刘　　燕 更多数据：www.macrodatas.cn
https://wenshu.court.gov.cn/website/wenshu/181107ANFZ0BXSK4/index.html?docId=e79502e460ea45708a6da71a0096bf23,（2000）阿经初字第20号,甘肃省阿克塞哈萨克族自治县国营石棉矿与河北省石家庄市石棉制品厂石棉购销合同纠纷一审民事裁定书,阿克塞哈萨克族自治县人民法院,阿克塞哈萨克族自治县,民事案件,1,www.macrodatas.cn,一审,2000-06-02,2017-02-23,"甘肃省阿克塞哈萨克族自治县国营石棉矿,河北省石家庄市石棉制品厂",买卖合同纠纷,,甘肃省阿克塞哈萨克族自治县人民法院民 事 裁 定 书（2000）阿经初字第20号原告：甘肃省阿克塞哈萨克族自治县国营石棉矿。法定代表人：郑新战。委托代理人：陈玉秀。委托代理人：李正伟。被告：河北省石家庄市石棉制品厂。法定代表人：刘士忠。本院在审理原告甘肃省阿克塞哈萨克族自治县国营石棉矿与被告河北省石家庄市石棉制品厂石棉购销合同一案中，原告甘肃省阿克塞哈萨克族自治县国营石棉矿于2000年5月30日向本院提出财产保全的申请，请求查封被告河北省石家庄市石棉制品厂的办公楼二、三层楼34间办公用房，并已提供了担保。本院认为，原告甘肃省阿克塞哈萨克族自治县国石棉矿的申请符合法律规定。依照《中华民共和民事诉讼法》第九十二条之规定，裁定如下：查封被告河北省石家庄市石棉制品厂在石家庄市进路150号的办公楼二、三层楼34间办公用房。查封财产不允许被告转让，变卖或抵押。本裁定送达后立即执行。如不服本裁定，可以向本院申请复议一次，复议期间不停止裁定执行。审判长　　田永虎审判员　　段晓明审判员　　康秀琴二〇〇〇年六月二日书记员　　萨　拉 微信公众号“马克 数据网”
https://wenshu.court.gov.cn/website/wenshu/181107ANFZ0BXSK4/index.html?docId=57091c7745b9425992e9a71a00975ed7,（2000）阿刑初字第05号,马某某、阮某某犯盗窃罪一审刑事判决书,阿克塞哈萨克族自治县人民法院,阿克塞哈萨克族自治县,刑事案件,4,www.macrodatas.cn,一审,2000-06-09,2017-02-20,"马某某,阮某某",盗窃,《中华人民共和国刑法》：第二百六十四条，第二百六十四条，第二十五条第一款，第五十二条，第五十三条,甘肃省阿克塞哈萨克族自治县人民法院刑 事 判 决 书（2000）阿刑初字第05号公诉机关：阿克塞哈萨克族自治县人民检察院。被告人：马某某，男，1994年11月20日因犯盗窃罪被敦煌市人民法院判处有期徒刑一年，宣告缓刑一年。2000年4月6日因涉嫌盗窃罪被阿克塞县公安局刑事拘留，同月13日被逮捕。现羁押于阿克塞县公安局看守所。被告人：阮某某，男，2000年4月6日因涉嫌盗窃罪被阿克塞县公安局刑事拘留，同月13日被逮捕。现羁押于阿克塞县公安局看守所。阿克塞哈萨克族自治县人民检察院以阿检刑诉字（2000）第01号起诉书，指控被告人马某某、阮某某犯盗窃罪，于2000年5月20日向本院提起公诉。本院受理后，依法组成合议庭，公开开庭审理了本案。阿克塞县人民检察院指派代理检察员ＸＸＸ出庭支持公诉，被告人马某某、阮某某到庭参加诉讼。现已审理终结。阿克塞县人民检察院指控；2000年4月4日，被告人马某某、阮某某乘坐敦煌发往阿克塞的班车到阿克塞逗留到下午四时许，从该市场一门市部购买一把螺丝刀，于当晚九时许窜入金山歌舞厅，乘无人之机、用螺丝刀撬开通柱舞厅走道门的锁扣，盗窃该舞厅内悬挂的“SHAPP”牌XV-335P型投影机一台。4月6日在肃北销赃时被阿克塞县公安千警抓获。该盗窃物品价值为11250元。事实有报案材料、物证照片、证人证言、物品估价结论和二被告人供述等证据证实。被告人马某某、阮某某的行为触犯《中华人民共和国刑法》第二百六十四之规定，构成盗窃罪，且被告人马某某系累犯，依法提起公诉，请求判处。被告人马某某、阮某某对指控的罪行均供认不讳。经审理查明，2000年4月3日，被告人马某某、阮某某商定到阿克塞县红柳湾镇金山歌舞厅盗窃其投影机事宜后，于4月4日上午九时乘敦煌发往阿克塞的班车来到阿克塞县城，二被告人先后在金山歌舞厅、阿米乃餐厅、八一餐厅闲窜至下午四时许、在市场外一门市部内购得一把螺丝刀、当晚九时许又窜入金山歌舞厅乘无人之机，由被告人马某某在歌舞厅前门处放哨，被告人阮某某手持螺丝刀，从该舞厅西边的清真餐厅后窗进入餐厅，用螺丝刀撬开通往舞厅走道门的锁扣，盗窃了悬挂在舞厅内的“SHAPP”牌XV-335P型灰色投影机一台，后藏匿于阿克塞县板材厂北墙角处，4月5日上午携所盗物品乘车到敦煌市七里镇，下午四时许乘班车到了肃北，当准备在此销赃时，于4月6日被阿克塞县公安干警人赃俱获。经评估，盗窃物品“SHAPP”牌XV-335P型灰色投影机价值为11250元。被告人马某某曾于1994年11月20日因盗窃罪，被敦煌市人民法院判处有期徒刑一年，宣告缓刑一年。认定被告人马某某、阮某某盗窃罪行的主要证据有控方提供的杨智报案笔录及阿克塞县公安局对杨智的询问笔录、被盗现场照片、被盗投影机照片、阿克塞县物价委关于对被盗物品投影机的评估结论、敦煌市公安局沙洲镇派出所出具的被告人马某某的年龄身份证明及被告人马某某、阮某某的供述等证明。控方提供的上述指控被告人马某某、阮某某犯有盗窃罪的证据，均经法庭查证核实，其来源合法，内容真实有效，并相互印证，足以证实指控罪行的成立，本院予以采纳。作为本案定案依据。本院认为，公诉机关指控被告人马某某、阮某某犯盗窃罪的主要事实清楚，据以定案的证据确实、充分，指控成立。但对被告人马某某属累犯的指控，因其前罪虽判处有期徒刑，但系缓刑，缓刑不是一种刑罚、是有条件地不执行原判刑罚，缓刑考验期满不属刑罚执行完毕的范畴，故所指控不能成立。被告人马某某、阮某某以非法占有为目的，共同秘密窃取他人的财产，数额巨大，其行为均己构成盗窃罪，且罪责相当。但二被告人归案后能如实供述所犯罪行，认罪态度较好，可从轻处罚。为了打击盗窃犯罪活动，惩罚犯罪分子，保护公民合法财产的所有权不受侵犯，维护社会秩序，依据《中华人民共和国刑法》第二百六十四条、第二十五条一款、第五十二条、第五十三条之规定，判决如下；被告人马某某犯盗窃罪，判处有期徒刑三年，并处罚金人民币1000元（限于本判决生效后10日内缴纳）。被告人阮某某犯盗窃罪，判处有期徒刑三年，并处罚金人民币1000元（限于本判决生效后10日内缴纳）。如不服本判决，可在接到判决书的第二日起十日内，通过本院或者直接向甘肃省酒泉地区中级人民法院提出上诉，书面上诉的，应当提交上诉状正本一份，副本二份。审判长　康 秀 琴审判员　许 兰 新审判员　别尔德汉二〇〇〇年六月九日书记员　刘　　燕 来源：百度搜索“马克数据网”
https://wenshu.court.gov.cn/website/wenshu/181107ANFZ0BXSK4/index.html?docId=62a454bb1698466b9bd4a71a00979c15,（2000）阿民执字第27号,阿克塞县金源石棉有限责任公司与秦世忠劳务合同纠纷执行裁定书,阿克塞哈萨克族自治县人民法院,阿克塞哈萨克族自治县,执行案件,2,www.macrodatas.cn,,2000-06-20,2017-02-20,"阿克塞县金源石棉有限责任公司,秦世忠",,《中华人民共和国民事诉讼法（1991年）》：第二百二十四条第一款，第二百二十五条第一款,甘肃省阿克塞哈萨克族自治县人民法院民 事 裁 定 书（2000）阿民执字第27号申请执行人阿克塞县金源石棉有限责任公司：李仁德。被执行人秦世忠。本院依据已经发生法律效力的（2000）阿民初字第30号民事调解书。阿克塞县人民法院，于2000后6月20日向被执行人发出执行通知，责令被执行人按调解书内容履行义务。但被执行人至今未执行通知履行法律文书确定的义务。依照《中华人民共和国民事诉讼法》第二百二十四条、二百二十五条规定，裁定如下：依据查封在敦煌市王星镇三号资场院内所存放的秦世忠主集石棉32吨，回收棉2.65吨，计34.65吨。由被执行人秦世忠的兄弟秦世平负责保管，在这期间，石棉不能丢失、变卖，如丢失、变卖由保管人承担损失。执行员　别尔德汉二〇〇〇年六月二十日书记员　阿尔斯坦 更多数据：搜索“马克数据网”来源：www.macrodatas.cn
https://wenshu.court.gov.cn/website/wenshu/181107ANFZ0BXSK4/index.html?docId=71983b4a46e7418ebdcba71a0096d0da,（2000）阿民初字第43号,马肯与瓦提汉家庭财产纠纷一审民事裁定书,阿克塞哈萨克族自治县人民法院,阿克塞哈萨克族自治县,民事案件,1,www.macrodatas.cn,一审,2000-06-25,2017-02-22,"马肯,瓦提汉",物权保护纠纷,《中华人民共和国民事诉讼法（1991年）》：第九十二条第一款，第九十四条第一款,甘肃省阿克塞哈萨克族自治县人民法院民 事 裁 定 书（2000）阿民初字第43号原告：马肯，女。被告：瓦提汉，男。本院在审理原告马肯诉被告瓦提汉家庭财产纠纷一案中，原告马肯于2000年6月23日向本院提出财产保全的申请，要求依法分割家庭财产，并已提供担保。本院认为，原告马肯的申请符合法律规定，依照《中华人民共和国民事诉讼法》第九十二条第一款、第九十四条第一款之规定，裁定如下：保全财产（32只羊，20匹马，9峰骆驼）由被告瓦提汉负责保��，未经人民法院许可，不得变卖、隐藏、转移、毁损。本裁定书送达后立即执行。如不服本裁定，可以向本院申请复议一次，复议期间不停止裁定的执行。审判员　　许兰新二〇〇〇年六月二十五日书记员　　冯多洋 更多数据：搜索“马克数据网”来源：www.macrodatas.cn
https://wenshu.court.gov.cn/website/wenshu/181107ANFZ0BXSK4/index.html?docId=80f2a147b875467cafd0a71a0096ce12,（2000）阿经初字第20号,阿克塞哈萨克族自治县电信局与祁国章拖欠电话费纠纷一审民事裁定书,阿克塞哈萨克族自治县人民法院,阿克塞哈萨克族自治县,民事案件,1,www.macrodatas.cn,一审,2000-06-30,2017-02-22,"阿克塞哈萨克族自治县电信局,祁国章",,最高人民法院关于适用《中华人民共和国民事诉讼法》若干问题的意见：第二百一十七条,甘肃省阿克塞哈萨克族自治县人民法院民 事 裁 定 书（2000）阿经初字第20号申请人：阿克塞哈萨克族自治县电信局。法定代表人：张宇。被申请人：祁国章，男。本院受理申请人阿克塞哈萨克族自治县电信局的支付令申请后，因被申请人祁国章已交纳了拖欠的电话费，申请人阿克塞哈萨克族自治县电信局于2000年6月30日向本院提出撤回支付令申请。本院依照最高人民法院关于适用《中华人民共和国民事诉讼法》若干问题的意见二百一十七条的规定，裁定如下：终结本案的督促程序。本院二〇〇〇年六月二十五日阿经督字第17号支付令自行失效。本案申请费100元减半收取50元，由申请人阿克塞哈萨克族自治县电信局负担（已交纳）。审判员　　段晓明二〇〇〇年六月三十日书记员　　萨　拉 来自：www.macrodatas.cn
https://wenshu.court.gov.cn/website/wenshu/181107ANFZ0BXSK4/index.html?docId=e7a7f817d6b34358acc0a94c434147fb,（2000）牟大执字第24号,烟台市康泰针织有限公司染料批发部与烟台市牟平区宁海镇石硼村民委员会买卖合同纠纷执行裁定书,烟台市牟平区人民法院,烟台市,执行案件,2,www.macrodatas.cn,,2000-06-29,2015-08-12,"烟台市康泰针织有限公司染料批发部,烟台市牟平区宁海镇石硼村民委员会",,《中华人民共和国民事诉讼法（1991年）》：第二百五十七条第一款,烟台市牟平区人民法院执 行 裁 定 书（2000）牟大执字第24号申请执行人烟台市康泰针织有限公司染料批发部。地址牟平区军休所。被执行人烟台市牟平区宁海镇石硼村民委员会。地址宁海镇石硼村。申请执行人烟台市康泰针织有限公司染料批发部与被执行人烟台市牟平区宁海镇石硼村民委员会购销染料货款纠纷一案，现烟台市牟平区人民法院（1996）牟龙经初字第20号民事调解书已经发生法律效力。权利人于2000年1月12日向本院申请执行，本院当日立案执行。本案执行标的106680.00元。现查明被执行人无银行存款、无可供执行的房产，亦无可供执行的其它财产，且申请执行人也提供不出被执行人可供执行的财产线索及下落，并表示同意终结本次执行程序。依照《中华人民共和国民事诉讼法》第二百五十七条第（六）项的规定，裁定如下：终结烟台市牟平区人民法院（1996）牟龙经初字第20号民事调解书的本次执行程序。本裁定送达后即发生法律效力。审判员　　肖德峰二〇〇〇年六月二十九日书记员　　牟永生 关注微信公众号“马克数据网”
