﻿原始链接,案号,案件名称,法院,所属地区,案件类型,案件类型编码,来源,审理程序,裁判日期,公开日期,当事人,案由,法律依据,全文
https://wenshu.court.gov.cn/website/wenshu/181107ANFZ0BXSK4/index.html?docId=e51edf40bd9c487a9a22a71a0096b593,（2000）阿民初字第43号,徐登成与王加元、胡长福拖欠运费纠纷一审民事判决书,阿克塞哈萨克族自治县人民法院,阿克塞哈萨克族自治县,民事案件,1,www.macrodatas.cn,一审,2000-08-01,2017-02-23,"徐登成,王加元,胡长福",运输合同纠纷,《中华人民共和国民法通则》：第一百零六条第一款，第一百零八条,甘肃省酒泉地区阿克塞哈萨克族自治县办民法院民 事 判 决 书（2000）阿民初字第43号原告徐登成，男。被告王加元，男。被告胡长福，男。原告徐登成与被告王加元、胡长福拖欠运费纠纷一案，本院受理后依法组成合议庭，公开开庭进行了审理。原告徐登成、被告王加元、胡长福到庭参加诉讼。本案现已审理终结。原告徐登成诉称：2000年5月1日被告胡长福以600元雇我的车去云母矿采挖云母。后采挖计划变动，经与二被告协商，运费增至900元。5月5日，返回途中，被告王加元表示运费900元由其给付，并出具了欠条。后王加元以谁雇车谁承担责任为由拒付。故起诉法院要求被告王加元给付运费900元。被告王加元辩称：我与胡长福系合伙采挖云母，双方商定，我只提供矿点，胡长福提供劳力及负责运输。胡长福以600元雇车之事我不知情。其以卸我价值2000余元的帐蓬等物相要挟，迫我写下900元欠条应属无效，应由胡长福承担600元运费，下余300元运费应由双方共同承担。被告胡长福辨称:我系被告王加元雇工。受王加元委托，我向原告徐登成雇车，应由王加元承担给付义务。经审理查明，2000年4月，被告王加元得知有人收购云母，即找被告胡长福雇民工上矿采挖。胡应允并垫付部分费用购置了材料。4月30日，胡以其名义雇原告徐登成车辆上矿，双方商定运费600元。5月1日，原告与二被告及民工到青海省冷湖镇矿点采挖云母。因该矿无采挖价值，提出到另一矿点采挖，原、被告双方商定运费增至900元。被告方在该矿点只采挖约一吨云母，即于5月5日返回阿克寒。返回途中，王给胡写了欠民工工资及材料费凭据，并向徐出具欠运费900元的凭据，许诺回来后暂付运费一半，采挖的云母王拉回。后王拒付运费，原告徐登成起诉法院，要求被告王加元给付运费900元。事实有原、被告双方的陈述，王加元所写欠民工工资、材料费、运费的凭据，证董永多的证言等证据证实。本院认为，被告王加元所称与被告胡长福系合伙关系，应由双方共同承担责任和所写运费欠据是受胁迫所为的辩称，无证据证实。胡以其名义雇车，后王认可向原告徐登成出具欠据，应由王承担给付运费义务。为了保护当事人合法的民事权益，正确调整民事关系，化解社会矛盾，维护社会经济秩序。依据《中华人民共和国民法通则》第一百零六条一款、食一百零八条之规定，判决如下：被告王加元给付原告徐登成运费900元，限于本判决生效后五日内给付。案件受理费50元，由被告王加元负担。自本判决生效后五日内交纳。如不服本判决，可在接到判决书之日起十五司内，向本院递交上诉状，并按对方当事人的人数提出副本，上诉于甘肃省酒泉地区中级人民法院。审判长　　许兰新审判员　　段晓明申请执行的期限为一年审判员阿尔斯坦二〇〇〇年八月一日书记员　　冯多洋 更多数据：搜索“马克数据网”来源：www.macrodatas.cn
https://wenshu.court.gov.cn/website/wenshu/181107ANFZ0BXSK4/index.html?docId=f440c786348944f7ad5da81700f38e06,（1999）招法执字第145号,执行申请执行人招远市辛庄镇农村合作基金会与被执行人刘洪海金融借款合同纠纷一案执行裁定书,招远市人民法院,招远市,执行案件,2,www.macrodatas.cn,,2000-08-01,2018-07-17,"招远市辛庄镇农村合作基金会,刘洪海",,,山东省招远市人民法院执 行 裁 定 书(1999)招法执字第145号申请执行人招远市辛庄镇农村合作基金会。被执行人刘洪海，男，1958年8月12日生，汉族，山东省招远市人，住招远市辛庄镇西陈家村。本院在执行申请执行人招远市辛庄镇农村合作基金会与被执行人刘洪海金融借款合同纠纷一案中，本院查明被执行人无财产可供执行，申请执行人也提供不出被执行人有可供执行的财产状况或线索。依照《最高人民法院关于适用的解释》第五百一十九条规定，裁定如下：终结本次执行程序。申请执行人发现被执行人有可供执行财产的，可以再次申请执行。本裁定送达后立即生效。审判长　　邱清海审判员　　贾武斌审判员　　林天奇二〇〇〇年八月一日书记员　　张　伟 马 克 数 据 网
https://wenshu.court.gov.cn/website/wenshu/181107ANFZ0BXSK4/index.html?docId=ccecd6ed4b5449b9804e31e17e738fa1,（2000）长执字第613号,张选莉与魏兴礼借款纠纷执行裁定书,西安市长安区人民法院,西安市,执行案件,2,www.macrodatas.cn,,2000-08-28,2016-12-26,"张选莉,魏兴礼",,《中华人民共和国民事诉讼法（1991年）》：第二百三十四条第一款,陕西省西安市长安区人民法院民 事 裁 定 书(2000）长执字第613号申请人张选莉。被执行人魏兴礼。申请人张选莉诉被申请人魏兴礼借款纠纷一案，一九九九年十二月，本院做出（1999）长民初字第1709号民事判决书，该判决已发生法律效力。权利人张选莉二000年六月向本院申请执行，本院二000年六月向被申请人魏兴礼发出执行通知书。本案经多次执行查明，被执行人魏兴礼下落不明，家里无可供执行之物。依据《中华人民共和国民事诉讼法》第二百三十四条第一款第五项之规定，裁定如下：长安县人民法院做出的（1999）长民初宁第1709号民事判决书中止执行。本载定送达后即具有法律效力。审判员　　庞佰忍二〇〇〇年八月二十八日书记员　　李　明 来源：百度搜索“马克数据网”
https://wenshu.court.gov.cn/website/wenshu/181107ANFZ0BXSK4/index.html?docId=458e00b1e1e04fef95c0a90d00a10e9d,（2000）汀执申字第131-1号,林二二;郑文华;郑孔仁;胡三三裁定书,长汀县人民法院,长汀县,执行案件,2,www.macrodatas.cn,,2000-08-16,2018-06-28,,,,人民法院认为不宜在互联网公布的其他情形 来自：www.macrodatas.cn
https://wenshu.court.gov.cn/website/wenshu/181107ANFZ0BXSK4/index.html?docId=a9dd7642b24a47868922595cb7518332,（2000）新经初字第106号,原告李红梅与被告翟清振买卖纠纷一审民事判决书,西安市新城区人民法院,西安市,,12,www.macrodatas.cn,一审,2000-08-27,2015-12-19,"李红梅,翟清振",,《中华人民共和国民法通则》：第一百零六条第一款,西安市新城区人民法院民 事 判 决 书（2000）新经初字第106号原告李红梅，女，1969年10月16日出生，汉族，个体工商户。被告翟清振，男，37岁，汉族。原告李红梅与被告翟清振买卖纠纷一案，本院受理后，依法组成合议庭，公开开庭进行了审理。原告李红梅到庭参加诉讼。被告翟清振经本院合法传唤，无正当理由拒不到庭。本案现已审理终结。原告李红梅诉称，供给被告拐臂价值8000元，被告已给付3000元，尚欠5000元，要求被告给付欠款，并支付违约金1437元。被告翟清振未作答辩。经审理查明，1995年8月4日至10月17日，原告李红梅分多次供给被告拐臂合计1030件，价值8000元，被翟清振已给付3000元。1998年5月11日被告翟清振向原告出具还款计划，承认欠款5000元，预定于6月中旬还清欠款。以上事实有收条及还款计划在卷佐证。本院认为，被告翟清振接受原告供货后，未及时给付货款，亦未按还款计划付款，属违约行为，应承担相应责任。被告翟清振经合法传唤未到庭，应视为其放弃抗辩权利，原告主张应予支持。根据《中华人民共和国民法通则》第一百零六条的规定，判决如下：一、原告李红梅与被告翟清振买卖关系成立。二、被告翟清振于判决生效后十日内给付原告李红梅货款5000元，并支付违约金1437元。逾期不付，按中国人民银行同期贷款最高利率加倍计付迟延履行期间的债务利息。诉讼费350元由被告承担。如不服本判决，可在判决书送达之日起十五日内向本院递交上诉状，并按对方当事人的人数提出副本，上诉于陕西省西安市中级人民法院。审　判　长　　陈洪宾代理审判员　　崔庆忠代理审判员　　代红英二００〇年八月二十七日书　记　员　　张　楠 更多数据：搜索“马克数据网”来源：www.macrodatas.cn
https://wenshu.court.gov.cn/website/wenshu/181107ANFZ0BXSK4/index.html?docId=f97fb0d058954c9ebbc8a71a0096c66e,（2000）阿民初字第50号,邓文芳与陈爽系限制民事行为能力人纠纷一审民事裁定书,阿克塞哈萨克族自治县人民法院,阿克塞哈萨克族自治县,民事案件,1,www.macrodatas.cn,一审,2000-08-20,2017-02-23,"邓文芳,陈爽",认定公民无民事行为能力、限制民事行为能力案件,《中华人民共和国民事诉讼法（1991年）》：第一百三十一条第一款,甘肃省酒泉地区阿克塞哈萨克族自治县人民法院民 事 裁 定 书（2000）阿民初字第50号申请人：邓文芳，女。被申请人：陈爽，男。本院在审理申请人邓文芳申请被申请人陈爽系限制民事行为能力人一案中，原告于2000年8月14日向本院提出撤诉申请。本院认为申请人的撤诉申请符合《中华人民共和国民事诉讼法》第一百三十一条第一款规定，裁定如下：准许原告邓文芳撤诉。诉讼费用50元由原告邓文芳负担（已交纳）。审判员　　许兰新二〇〇〇年八月二十日书记员　　冯多洋 微信公众号“马克数据网”
https://wenshu.court.gov.cn/website/wenshu/181107ANFZ0BXSK4/index.html?docId=59ae07189ab741058fc6a71a0096b7ad,（2000）阿民初字第47号,李爱与何天福房屋修建欠款纠纷一审民事裁定书,阿克塞哈萨克族自治县人民法院,阿克塞哈萨克族自治县,民事案件,1,www.macrodatas.cn,一审,2000-08-16,2017-02-23,"李爱,何天福",合同、无因管理、不当得利纠纷,《中华人民共和国民事诉讼法（1991年）》：第三十一条,甘肃省酒泉地区阿克塞哈萨克族自治县人民法院民 事 裁 定 书（2000）阿民初字第47号原告：李爱，男。被告：何天福，男。本院在审理原告李爱诉被告何天福房屋修建欠款纠纷－案中，原告李爱因被告何天福自愿履行自己的给付义务而于2000年8月16日向本院提出撤诉申请。本院认为，原告李爱在本案诉讼期间提出的撤诉申请，是在法举允许的范围内对自己的权利所作的处分，符合法律规定的撤诉条件，依照《中华人民共和国民事诉讼法》第－百三十一条（一）项的规定，裁定如下：准许原告李爱撤回起诉。案件受理费232元，减半收取116元，由原告李爱负担。审判员　阿尔斯坦二〇〇〇年八月十六日书记员　冯 多 洋 百度搜索“马 克 数 据 网”
https://wenshu.court.gov.cn/website/wenshu/181107ANFZ0BXSK4/index.html?docId=ef0bd60f606f4549936ba71a0096bf2c,（2000）阿经初字第49号,甘肃省阿克塞石材厂与耿建新、赵学余、张广德承包合同纠纷一审民事裁定书,阿克塞哈萨克族自治县人民法院,阿克塞哈萨克族自治县,民事案件,1,www.macrodatas.cn,一审,2000-08-15,2017-02-23,"甘肃省阿克塞石材厂,耿建新,赵学余,张广德",合同纠纷,《中华人民共和国民事诉讼法（1991年）》：第一百三十一条第一款,甘肃省酒泉地区阿克塞哈萨克族自治县人民法院民 事 裁 定 书（2000）阿经初字第49号原告：甘肃省阿克塞石材厂。法定代表人：孟光伟，厂长。被告：耿建新，男。被告：赵学余，男。被告：张广德，男。本院在审理原告甘肃省阿克塞石材厂与被��耿建新、赵学余、张广德承包合同纠纷一案中，原告因其与被告已自行和解而于2000年6月15日向本院提出撤诉申请。本院认为，原告与被告在本案诉讼期间就双方争议的事项自行和解，是在法律允许的范围内对自己的权利所作的处分。原告基于双方自行和解事实的发生而提出的撤诉申请，符合法律规定的撤诉条件。依照《中华人民共和国民事诉讼法》第一百三十一条一款的规定，裁定如下：准许原告甘肃省阿克塞石材厂撤回起诉。案件受理费4200，减半收取2100元，由原告甘肃省阿克塞石材厂负担。审判员　　段晓明二〇〇〇年八月十五日书记员　　萨　拉 来源：百度“马 克 数据网”
https://wenshu.court.gov.cn/website/wenshu/181107ANFZ0BXSK4/index.html?docId=558f92c43d1b4d1b81cba9c400d760e1,（2000）阿民初字第43号,徐登成与王加元、胡长福拖欠运费纠纷一审民事判决书,甘肃省酒泉地区阿克塞哈萨克族自治县人民法院,甘肃省酒泉地区阿克塞哈萨克族自治县,民事案件,1,www.macrodatas.cn,民事一审,2000-08-01,2019-05-10,徐登成；王加元；胡长福,运输合同纠纷,《中华人民共和国民法通则》:第一百零六条第一款；《中华人民共和国民法通则》:第一百零六条第二款；《中华人民共和国民法通则》:第一百零六条第三款；《中华人民共和国民法通则》:第一百零八条；《中华人民共和国民法通则（2009修正）》:第一百零六条第一款；《中华人民共和国民法通则（2009修正）》:第一百零六条第二款；《中华人民共和国民法通则（2009修正）》:第一百零六条第三款；《中华人民共和国民法通则（2009修正）》:第一百零八条,  甘肃省酒泉地区阿克塞哈萨克族自治县人民法院 民 事 判 决 书 （2000）阿民初字第43号 原告徐登成，男。 被告王加元，男。 被告胡长福，男。 原告徐登成与被告王加元、胡长福拖欠运费纠纷一案，本院受理后依法组成合议庭，公开开庭进行了审理。原告徐登成、被告王加元、胡长福到庭参加诉讼。本案现已审理终结。 原告徐登成诉称：2000年5月1日被告胡长福以600元雇我的车去云母矿采挖云母。后采挖计划变动，经与二被告协商，运费增至900元。5月5日，返回途中，被告王加元表示运费900元由其给付，并出具了欠条。后王加元以谁雇车谁承担责任为由拒付。故起诉法院要求被告王加元给付运费900元。 被告王加元辩称：我与胡长福系合伙采挖云母，双方商定，我只提供矿点，胡长福提供劳力及负责运输。胡长福以600元雇车之事我不知情。其以卸我价值2000余元的帐蓬等物相要挟，迫我写下900元欠条应属无效，应由胡长福承担600元运费，下余300元运费应由双方共同承担。 被告胡长福辩称:我系被告王加元雇工。受王加元委托，我向原告徐登成雇车，应由王加元承担给付义务。 经审理查明，2000年4月，被告王加元得知有人收购云母，即找被告胡长福雇民工上矿采挖。胡应允并垫付部分费用购置了材料。4月30日，胡以其名义雇原告徐登成车辆上矿，双方商定运费600元。5月1日，原告与二被告及民工到青海省冷湖镇矿点采挖云母。因该矿无采挖价值，提出到另一矿点采挖，原、被告双方商定运费增至900元。被告方在该矿点只采挖约一吨云母，即于5月5日返回阿克寒。返回途中，王给胡写了欠民工工资及材料费凭据，并向徐出具欠运费900元的凭据，许诺回来后暂付运费一半，采挖的云母王拉回。后王拒付运费，原告徐登成起诉法院，要求被告王加元给付运费900元。事实有原、被告双方的陈述，王加元所写欠民工工资、材料费、运费的凭据，证董永多的证言等证据证实。 本院认为，被告王加元所称与被告胡长福系合伙关系，应由双方共同承担责任和所写运费欠据是受胁迫所为的辩称，无证据证实。胡以其名义雇车，后王认可向原告徐登成出具欠据，应由王承担给付运费义务。为了保护当事人合法的民事权益，正确调整民事关系，化解社会矛盾，维护社会经济秩序。依据《中华人民共和国民法通则》第一百零六条一款、食一百零八条之规定，判决如下： 被告王加元给付原告徐登成运费900元，限于本判决生效后五日内给付。 案件受理费50元，由被告王加元负担。自本判决生效后五日内交纳。 如不服本判决，可在接到判决书之日起十五司内，向本院递交上诉状，并按对方当事人的人数提出副本，上诉于甘肃省酒泉地区中级人民法院。 申请执行的期限为一年 审判长　　许兰新 审判员　　段晓明 审判员&nbsp;&nbsp;阿尔斯坦 二〇〇〇年八月一日 书记员　　冯多洋 更多数据：搜索“马克数据网”来源：www.macrodatas.cn
