﻿原始链接,案号,案件名称,法院,所属地区,案件类型,案件类型编码,来源,审理程序,裁判日期,公开日期,当事人,案由,法律依据,全文
https://wenshu.court.gov.cn/website/wenshu/181107ANFZ0BXSK4/index.html?docId=4a78955c7fac4a8fa225a71a0096ab72,（1995）阿法民裁字第12号,刘太明与吴占怀侵权赔偿纠纷一审民事裁定书,阿克塞哈萨克族自治县人民法院,阿克塞哈萨克族自治县,民事案件,1,www.macrodatas.cn,其他,1995-12-15,2017-02-23,"刘太明,吴占怀",,《中华人民共和国民事诉讼法（1991年）》：第一百零八条，第一百四十三条第一款,甘肃省阿克塞哈萨克族自治县人民法院民 事 裁 定 书（1995）阿法民裁字第12号原告：刘太明，男。被告：吴占怀，男。委托代理人：邱海鹰，女，敦煌市沙洲镇法律服务所法律工作者。原告刘太明诉被告吴占怀侵权赔偿一案，本院依法进行了审理，现已审理终结。原告刘太明诉称：被告吴占怀利用职权对原告人打击报复，改变其请假性质。扣发治病期间工资、私分其奖金，并故意损坏其名誉非法辞退原告人。为此，原告人诉之法院要求被告人赔偿名誉及经济损失3000元。本院认为：原告诉称被告实施的一系列侵权行为，不是被告人的个人行为，而是被告人代表经销公司所实施的法人行为。原告起诉被告吴占怀，所诉主体不明确。依照《中华人民共和国民事诉讼法》第一百零八条第一项、第一百四十三条第三项之规定，裁定如下：驳回原告人刘太明的起诉。诉讼费50元由原告刘太明承担。如不服本裁定，可在裁定书送达之日起十日内，向本院递交上诉状，并按对方当事人的人数提出副本，上诉于酒泉地区中级人民法院。审判长　　许兰新审判员　　康秀琴审判员　　段晓明一九九五年十二月十五日书记员　　康淑琴 关注公众号“马 克 数 据 网”
https://wenshu.court.gov.cn/website/wenshu/181107ANFZ0BXSK4/index.html?docId=2b6b2f03397846d5a3eea81c01820e54,（2017）鲁0211刑初1210号,褚福晴危险驾驶罪刑事判决书,青岛市黄岛区人民法院,青岛市,刑事案件,4,www.macrodatas.cn,一审,1995-12-14,2017-10-31,,,,山东省青岛市黄岛区人民法院刑 事 判 决 书（2017）鲁0211刑初1210号被告人基本情况姓名褚福晴出生日期一九九五年十二月十四日民族汉族性别男文化程度初中职业务工身份证号码住址现住为青岛市黄岛区黄河西路102号，户籍所在地为山东省巨野县陶庙镇禇庄行政村禇庄村255号。此前所受法律处罚时间、事由无强制措施2016年12月23日被取保候审。公诉机关指控情况公诉机关青岛市黄岛区人民检察院起诉书文号青黄岛检公刑诉【2017】1202号指控事实2016年12月1日1时许，被告人褚福晴酒后驾驶鲁A606**号牌小型轿车在青岛市黄岛区崇明岛路如意酒店处发生交通事故。经检测，褚福晴血液中乙醇含量为107.8mg/100ml，系醉酒后驾驶机动车。指控罪名危险驾驶罪量刑建议拘役一个月至三个月，并处罚金人民币三千元至一万元。被告人意见对指控事实、罪名及量刑建议没有异议且签字具结，在开庭审理过程中亦无异议。判决理由被告人褚福晴的行为构成危险驾驶罪。公诉机关指控被告人褚福晴犯危险驾驶罪的事实清楚，证据充分，指控罪名成立，量刑建议适当，应予采纳。被告人褚福晴系自首，依法从轻处罚。被告人褚福晴认罪认罚，依法从轻处罚。法律依据《中华人民共和国刑法》第一百三十三条之一、第四十二条、第四十四条、第五十二条、第五十三条、第六十七条判决结果被告人褚福晴犯危险驾驶罪，判处拘役一个月十五天，并处罚金人民币三千元。执行起算刑期自判决执行之日起计算。判决执行以前先行羁押的，羁押一日折抵刑期一日，即自2017年10月12日起至2017年11月26日止。罚金于判决生效后十日内缴纳。权利告知如不服本判决，可在接到判决书的第二日起十日内，通过本院或者直接向山东省青岛市中级人民法院提出上诉。书面上诉的，应当提交上诉状正本一份，副本二份。审判员王德成二O一七年十月十二日书记员赵琳 来源：百度搜索“马克数据网”
https://wenshu.court.gov.cn/website/wenshu/181107ANFZ0BXSK4/index.html?docId=60a74fe194a3439f9cc6a84e003242c4,（2015）南市民四终字第607号,傅义兵、吕宁民间借贷纠纷二审民事判决书,广西壮族自治区南宁市中级人民法院,广西壮族自治区南宁市,民事案件,1,www.macrodatas.cn,二审,1995-12-04,2017-12-19,"傅义兵,吕宁,刘国勇",民间借贷纠纷,,
https://wenshu.court.gov.cn/website/wenshu/181107ANFZ0BXSK4/index.html?docId=07930278b7854a18be7ca80800a7b033,（2017）陕0111刑初374号,被告人张填海危险驾驶案一审刑事判决书,西安市灞桥区人民法院,西安市,刑事案件,4,www.macrodatas.cn,一审,1995-12-02,2017-10-10,,,,		{C}		西安市灞桥区人民法院	刑 事 判 决 书	（2017）陕0111刑初374号																											起诉书文号																							灞检公诉刑诉[2017]338号																															立案时间																							2017年9月11日																							适用程序																							速裁																							是否公开																							是																															公诉机关																							西安市灞桥区人民检察院																															被 告 人													基本情况																							姓 名																							张填海																							性 别																							男																							民 族																							汉																															出生日期																							1995年12月2日																															文化程度																							大专																							职 业																							个体经营户																															家庭住址																							户籍地：西安市未央区													现住：未央区																															强制措施																							2017年8月16日被抓获，次日被刑事拘留																															羁押场所																							西安市灞桥区看守所																															指控事实																							2017年8月13日19时至20时许，被告人张填海在手机微信群“XXXXX XXXXX Club”内通知群成员于浐灞附近聚集。当晚22时许西安市浐灞生态区锦堤一路与世博东路十字附近有多人聚众非法飙车、追逐竞驶，并进行网络直播，引起巨大社会影响。张填海当晚23时许驾驶陕AZXXXX号白色奔驰小型轿车与李某（另案处理）驾驶的陕A8XXXX号黄色奥迪TT小型轿车在道路上进行直线加速竞驶比赛。																															指控罪名																							危险驾驶罪																															量刑建议																							四个月以下拘役，并处罚金																															被告人意见																							对指控的犯罪事实、罪名及量刑建议均无异议，且签字具结，认罪认罚。																															判决理由																							被告人张填海的行为已构成危险驾驶罪。惟被告人到案后能够如实供述自己罪行，并自愿认罪认罚，可依法从轻处罚。																															法律依据																							《中华人民共和国刑法》第一百三十三条之一第一款第（一）项、第六十七条第三款																															判决结果																							被告人张填海犯危险驾驶罪，判处拘役三个月，并处罚金人民币10000元。（刑期自判决执行之日起计算。判决执行以前先行羁押的，羁押一日折抵刑期一日，即自2017年8月16日起至2017年11月15日止。罚金于判决生效后一个月内缴纳。）																															权利告知																							如不服本判决，可在接到判决书的第二日起十日内通过本院或者直接向陕西省西安市中级人民法院提出上诉，书面上诉的，应当提交上诉状正本一份，副本三份。																审判员　　段文文	二〇一七年九月二十一日	书记员　　韩雅珍	附：本案涉及的相关法律规定	《中华人民共和国刑法》	第一百三十三条之一在道路上驾驶机动车，有下列情形之一的，处拘役，并处罚金：	（一）追逐竞驶，情节恶劣的；	（二）醉酒驾驶机动车的；	（三）从事校车业务或者旅客运输，严重超过额定乘员载客，或者严重超过规定时速行驶的；	（四）违反危险化学品安全管理规定运输危险化学品，危及公共安全的。	机动车所有人、管理人对前款第三项、第四项行为负有直接责任的，依照前款的规定处罚。	有前两款行为，同时构成其他犯罪的，依照处罚较重的规定定罪处罚。	第六十七条犯罪以后自动投案，如实供述自己的罪行的，是自首。对于自首的犯罪分子，可以从轻或者减轻处罚。其中，犯罪较轻的，可以免除处罚。	被采取强制措施的被告人、被告人和正在服刑的罪犯，如实供述司法机关还未掌握的本人其他罪行的，以自首论。	被告人虽不具有前两款规定的自首情节，但是如实供述自己罪行的，可以从轻处罚；因其如实供述自己罪行，避免特别严重后果发生的，可以减轻处罚。 来自马克数据网
