﻿原始链接,案号,案件名称,法院,所属地区,案件类型,案件类型编码,来源,审理程序,裁判日期,公开日期,当事人,案由,法律依据,全文
https://wenshu.court.gov.cn/website/wenshu/181107ANFZ0BXSK4/index.html?docId=172913e7abd44c53910ba71a0096cf47,（1995）阿法民裁字第3号,陈鹤乾与陈鹤军承包合同纠纷一审民事裁定书,阿克塞哈萨克族自治县人民法院,阿克塞哈萨克族自治县,民事案件,1,www.macrodatas.cn,其他,1995-05-15,2017-02-22,"陈鹤乾,陈鹤军",合同纠纷,《中华人民共和国民事诉讼法（1991年）》：第二百二十三条第一款，第二百二十五条第一款,甘肃省阿克塞哈萨克族自治县人民法院民 事 裁 定 书（1995）阿法民裁字第3号原告：陈鹤乾。被告：陈鹤军，男。原告陈鹤乾诉被告陈鹤军承包合同纠纷一案，本院根据原告陈鹤乾的申请执行书，根据《中华人民共和国民事诉讼法》第二百二十三条、第二百二十五条之规定，裁定如下：依法查封（扣押）被告陈鹤军在阿克塞县有关的有关的财产。推土机一台。所查封（扣押）的财产由被执行人负责保管。有不服本裁定，可以申请复议。复议期间不停止裁定的执行。审判长　田 永 虎审判员　申 国 勤审判员　段 晓 明一九九五年五月十五日书记员　阿尔斯坦 更多数据：搜索“马克数据网”来源：www.macrodatas.cn
https://wenshu.court.gov.cn/website/wenshu/181107ANFZ0BXSK4/index.html?docId=9950f58e10f44f6a9b77a90e0114ac0c,（2018）陕0111刑初233号,（2018）陕0111刑初233号被告人陈亮危险驾驶案一审刑事判决书,西安市灞桥区人民法院,西安市,刑事案件,4,www.macrodatas.cn,一审,1995-05-12,2018-06-29,,,,		{C}		西安市灞桥区人民法院	刑 事 判 决 书	（2018）陕0111刑初233号																											起诉书文号																							灞检公诉刑诉[2018]201号																															立案时间																							2018年5月16日																							适用程序																							速裁																							是否公开																							是																															公诉机关																							西安市灞桥区人民检察院																															被 告 人													基本情况																							姓 名																							陈亮																							性 别																							男																							民 族																							汉																															出生日期																							1995年5月12日																															文化程度																							初中																							职 业																							农民																															家庭住址																							户籍地陕西省蓝田县，现住西安市灞桥区。																															强制措施																							因涉嫌犯危险驾驶罪，于2018年5月7日被刑事拘留，同月15日被西安市灞桥区人民检察院取保候审，同月17日被本院取保候审。																															法律帮助律师																							王海玲，陕西希友律师事务所律师																															指控事实																							2018年4月18日0时40分许，被告人陈亮酒后驾驶陕A2XXXX号白色起亚牌小型轿车，沿西安市长乐东路由西向东行驶至堡子村附近时，被西安市公安局交警支队灞桥大队公安人员当场查获。经西安市公安交通司法鉴定中心鉴定，陈亮的血醇浓度为89.88mg/100ml。																															指控罪名																							危险驾驶罪																															量刑建议																							一个月拘役，并处罚金																															被告人意见																							对指控的犯罪事实、罪名及量刑建议均无异议，且签字具结，认罪认罚。																															判决理由																							被告人陈亮的行为已构成危险驾驶罪。惟被告人到案后能够如实供述自己罪行，并自愿认罪认罚，有悔罪表现，可依法从轻处罚，并依法适用缓刑。																															法律依据																							《中华人民共和国刑法》第一百三十三条之一第一款第（二）项、第六十七条第三款、第七十二条第一、三款、第七十六条																															判决主文																							被告人陈亮犯危险驾驶罪，判处拘役一个月，缓刑二个月，实行社区矫正，并处罚金4000元。（缓刑考验期自判决确定之日起计算。罚金于判决生效后一个月内缴纳。）																															权利告知																							如不服本判决，可在接到判决书的第二日起十日内通过本院或者直接向陕西省西安市中级人民法院提出上诉，书面上诉的，应当提交上诉状正本一份，副本三份。																审判员　　段文文	二〇一八年五月二十九日	书记员　　韩雅珍	附：本案涉及的相关法律规定	《中华人民共和国刑法》	第一百三十三条之一在道路上驾驶机动车，有下列情形之一的，处拘役，并处罚金：	（一）追逐竞驶，情节恶劣的；	（二）醉酒驾驶机动车的；	（三）从事校车业务或者旅客运输，严重超过额定乘员载客，或者严重超过规定时速行驶的；	（四）违反危险化学品安全管理规定运输危险化学品，危及公共安全的。	机动车所有人、管理人对前款第三项、第四项行为负有直接责任的，依照前款的规定处罚。	有前两款行为，同时构成其他犯罪的，依照处罚较重的规定定罪处罚。	第六十七条犯罪以后自动投案，如实供述自己的罪行的，是自首。对于自首的犯罪分子，可以从轻或者减轻处罚。其中，犯罪较轻的，可以免除处罚。	被采取强制措施的被告人、被告人和正在服刑的罪犯，如实供述司法机关还未掌握的本人其他罪行的，以自首论。	被告人虽不具有前两款规定的自首情节，但是如实供述自己罪行的，可以从轻处罚；因其如实供述自己罪行，避免特别严重后果发生的，可以减轻处罚。	第七十二条对于被判处拘役、三年以下有期徒刑的犯罪分子，同时符合下列条件的，可以宣告缓刑，对其中不满十八周岁的人、怀孕的妇女和已满七十五周岁的人，应当宣告缓刑：	（一）犯罪情节较轻；	（二）有悔罪表现；	（三）没有再犯罪的危险；	（四）宣告缓刑对所居住社区没有重大不良影响。	宣告缓刑，可以根据犯罪情况，同时禁止犯罪分子在缓刑考验期限内从事特定活动，进入特定区域、场所，接触特定的人。	被宣告缓刑的犯罪分子，如果被判处附加刑，附加刑仍须执行。	第七十六条对宣告缓刑的犯罪分子，在缓刑考验期限内，依法实行社区矫正，如果没有本法第七十七条规定的情形，缓刑考验期满，原判的刑罚就不再执行，并公开予以宣告。 来源：百度搜索“马克数据网”
https://wenshu.court.gov.cn/website/wenshu/181107ANFZ0BXSK4/index.html?docId=cf49c320860143f2843aa71a0096bcde,（1995）阿民初字第08号,王治国与加那提债务一审民事裁定书,阿克塞哈萨克族自治县人民法院,阿克塞哈萨克族自治县,民事案件,1,www.macrodatas.cn,一审,1995-05-30,2017-02-23,"王治国,加那提",合同、无因管理、不当得利纠纷,《中华人民共和国民事诉讼法（1991年）》：第一百四十条第一款,甘肃省阿克塞哈萨克族自治县人民法院民 事 裁 定 书（1995）阿民初字第08号原告：王治国，男。被告：加那提，男。本院在审理王治国诉加那提债务一案中，原告王治国于一九九五年五月三十日向本院提出撤诉申请。本院认为，原、被告是经双方自愿协商清偿债务的，被告方愿意于近日内还清债务，原告方也表示同意，并向法庭递交了撤诉申请。故依照《中华人民共和国民事诉讼法》第一百四十条第五款之规定，裁定如下：一、准许原告王治国撤回起诉。二、案件受理费60元，由原告人承担。审判员　　康秀琴一九九五年五月三十日书记员　　段晓明 来源：马 克 数 据 网
https://wenshu.court.gov.cn/website/wenshu/181107ANFZ0BXSK4/index.html?docId=bace3ad604a048fd8550a71a0096b285,（1995）民判字第06号,巴巴胡马尔与多开债务纠纷一审民事判决书,阿克塞哈萨克族自治县人民法院,阿克塞哈萨克族自治县,民事案件,1,www.macrodatas.cn,其他,1995-05-09,2017-02-23,"巴巴胡马尔,多开",合同、无因管理、不当得利纠纷,,甘肃省阿克塞哈萨克族自治县人民法院民 事 判 决 书（1995）民判字第06号原告：巴巴胡马尔，男。被告：多开，男。原告巴巴胡马尔诉被告多开债务纠纷一案，本院受理后，依法实行独任审判，公开开庭进行了审理，原、被告均到庭参加了诉讼，本案现已审理终结。原告诉称：被告多开于1986年12月至1987年4月期间，借我现金1768元，并购买我马鞍子一副，作价1000元，经本人多次催要，被告未予偿付，现起诉法院，要求被告偿付借款及马鞍子款2768元。被告辫称：借原告现金是事实，但马鞍子是原告赠与我的，如原告要，可以返还。因我给一新疆人出售过一群羊，原告是担保人，羊款尚有部分未要回来，借款应充抵部分卖羊款。经审理查明：被告多开于1986年12月4日，1987年4月24日，两次以给亲戚给钱和购买饲料为由，借原告巴巴胡马尔现金1768元，并使用原告马鞍子一副。后原告多次催要借款，被告以自已出售的一群羊中，部分羊款未要回，原告是担保人，借原告的钱应充抵部分羊款为由未予偿付，故原告起诉法院，要求被告偿付借款及马鞍子款。本院确认的上述事实，有原、被告双方的陈述，被告多开给原告巴巴胡马尔写的借据等在卷为凭。本院认为：被告借原告的借款，应予偿付。被告辩称的卖羊一事于本案无关，应另行起诉。依照《民法通则》第－百零八条之规定，判决如下：一、被告多开偿付原告巴巴胡马尔借款1768元；返还马鞍子一副，于判决发生法律效力后给付。二、诉讼费120元，原告承担40元，被告承担80元。如不服本判决，可在判决书送达之日起十五日内，向本院递交上诉状正本一份，副本两份，上诉于酒泉地区中级人民法院。审判员　　段晓明一九九五年五月九日书记员　　康秀琴 来自：www.macrodatas.cn
https://wenshu.court.gov.cn/website/wenshu/181107ANFZ0BXSK4/index.html?docId=673fc61e168045a19be1a71a0096cf4c,（1995）阿法民裁字第04号,陈鹤乾与陈鹤军承包合同纠纷一审民事裁定书,阿克塞哈萨克族自治县人民法院,阿克塞哈萨克族自治县,民事案件,1,www.macrodatas.cn,其他,1995-05-17,2017-02-22,"陈鹤乾,陈鹤军",合同纠纷,《中华人民共和国民事诉讼法（1991年）》：第二百二十三条第一款，第二百二十五条第一款,甘肃省阿克塞哈萨克族自治县人民法院民 事 裁 定 书（1995）阿法民裁字第04号原告：陈鹤乾，男。被告：陈鹤军，男。原告陈鹤乾诉被告陈鹤军承包合同纠纷一案，本院根据原告陈鹤乾的财产保全申请的申请执行书，根据《中华人民共和国民事诉讼法》第二百二十三条、第二百二十五条之规定，裁定如下：一、依法查封被告陈鹤军在敦煌市三危乡金矿林场的财产。二、所查封（扣押）的财产由被执行人负责保管。如不服本裁定，可以申请复议。复议期间不停止裁定的执行。审判长　田 永 虎审判员　申 国 庆审判员　段 晓 明一九九五年五月十七日书记员　阿尔斯坦 更多数据：搜索“马克数据网”来源：www.macrodatas.cn
https://wenshu.court.gov.cn/website/wenshu/181107ANFZ0BXSK4/index.html?docId=645372bbcf6f49338f7ba7fe0174c0a2,（2017）川0183刑初468号,蔡川容留他人吸毒罪一审刑事判决书,邛崃市人民法院,邛崃市,刑事案件,4,www.macrodatas.cn,一审,1995-05-07,2017-10-10,,,,四川省邛崃市人民法院刑 事 判 决 书（2017）川0183刑初468号被告人基本情况姓名蔡川性别男民族汉族文化程度初中出生日期一九九五年五月七日居民身份证号码XXXX户籍所在地四川省邛崃市XX镇XX村X组。住所地四川省邛崃市XX镇XX村X组X小区X栋X单元X号。曾受法律处分2016年1月9日因吸毒被邛崃市公安局给予行政拘留14日的行政处罚；2016年11月3日因吸毒被邛崃市公安局给予行政拘留14日的行政处罚；2016年11月17日因吸毒被邛崃市公安局责令社区戒毒3年。强制措施2017年5月17日因涉嫌犯容留他人吸毒罪被邛崃市公安局刑事拘留，6月19日经邛崃市人民检察院批准被执行逮捕。现羁押于邛崃市看守所。公诉机关指控意见公诉机关四川省邛崃市人民检察院公诉人李承恩起诉书文号邛检公诉刑诉[2017]424号指控事实2016年11月期间，被告人蔡川在邛崃市XX镇XX村X组X小区X栋X单元X号自己家中多次伙同并容留他人吸食毒品。具体犯罪事实如下：2016年11月1日17时许，被告人蔡川在自家寝室内伙同并容留王某某、高某某、杨某某、何某吸食毒品甲基苯丙胺。2016年11月2日16时许，被告人蔡川在自家寝室内容留王某某、杨某某、何某吸食毒品甲基苯丙胺。2016年11月17日15时许，被告人蔡川在自家寝室内容留高某某吸食毒品甲基苯丙胺。2016年11月18日6时许，被告人蔡川在自家寝室内容留高某某吸食毒品甲基苯丙胺。指控罪名容留他人吸毒罪量刑建议具有坦白、认罪情节辩解意见被告人蔡川对指控的犯罪事实及罪名均无异议，并自愿认罪。审理查明的事实本院审理查明的事实与指控一致。另查明，2017年5月5日，被告人蔡川因涉嫌吸毒被公安机关传唤。当日，被告人蔡川因吸毒和吸毒成瘾严重，被邛崃市公安局分别给予行政拘留14日，并处罚款1800元和强制戒毒2年的行政处罚。2017年5月17日，被告人蔡川因本案被刑事拘留。判决理由被告人蔡川二年内多次提供场所容留他人吸食毒品，其行为已构成容留他人吸毒罪，依法应予刑事处罚。到案后，被告人蔡川如实供述罪行，系坦白，依法可以从轻处罚。审理中，被告人蔡川表示自愿认罪，可以酌情从轻处罚。公诉机关指控被告人蔡川犯容留他人吸毒罪的事实和罪名成立，本院予以支持。法律依据《中华人民共和国刑法》第三百五十四条、第六十七条第三款、第五十二条、第五十三条和《最高人民法院关于审理毒品犯罪案件适用法律若干问题的解释》第十二条第一款第二项判决结果被告人蔡川犯容留他人吸毒罪，判处有期徒刑七个月，并处罚金人民币三千元（罚金限于本判决生效后三日内缴纳）。（刑期从判决执行之日起计算。判决执行以前先行羁押的，羁押一日折抵刑期一日，即自2017年5月17日起至2017年12月16日止）。上诉权利告知如不服本判决，可在接到判决书的第二日起十日内，通过本院或者直接向四川省成都市中级人民法院提出上诉。书面上诉的，应当提交上诉状正本一份，副本二份。审判组织审判员朱勇二Ｏ一七年八月三十日书记员王江临 来源：百度搜索“马克数据网”
