﻿原始链接,案号,案件名称,法院,所属地区,案件类型,案件类型编码,来源,审理程序,裁判日期,公开日期,当事人,案由,法律依据,全文
https://wenshu.court.gov.cn/website/wenshu/181107ANFZ0BXSK4/index.html?docId=397c038e0377442a8ccc6657f82cc145,（2016）浙0382刑初2126号,李建全危险驾驶一审刑事判决书,乐清市人民法院,乐清市,刑事案件,4,www.macrodatas.cn,一审,1995-01-02,2016-12-12,基本,,, {C}浙江省乐清市人民法院刑 事 判 决 书（2016）浙0382刑初2126号被告人基本情况姓名李建全出生日期1995年1月2日职业务工性别男中共党员否身份证号码住址重庆市万州区前科劣迹无强制措施2016年8月16日被取保候审公诉机关指控情况起诉书号乐清市人民检察院乐检公诉刑诉〔2016〕2135号指控罪名危险驾驶指控事实2016年8月13日凌晨，被告人李建全未取得机动车驾驶资格醉酒后（血液中乙醇含量149mg/100ml）驾驶二轮燃油助力车途经乐清市柳市镇新市中街与育英南路交叉口路段发生交通事故，负事故的主要责任。经鉴定，被告人李建全驾驶车辆的车速为56KM/H－61 KM/H。被告人辩解对指控事实、罪名及刑事速裁程序审理无异议。判决理由被告人李建全在道路上醉酒驾驶机动车，其行为已经构成危险驾驶罪，公诉机关的指控予以支持。被告人李建全如实供述自己的罪行，可以从轻处罚。法律依据《中华人民共和国刑法》第一百三十三条之一第一款第（二）项、第六十七条第三款判决结果拘役二个月，并处罚金人民币4000元。（刑期从判决执行之日起计算，判决执行以前先行羁押的，羁押一日折抵刑期一日。罚金限本判决生效后十日之内向本院缴纳）如不服本判决，可在接到判决书的第二日起十日内，通过本院或者直接向浙江省温州市中级人民法院提出上诉，书面上诉的，应当提交上诉状正本一份，副本二份。审 判 员　郑乐鸥二〇一六年十一月十四日代书记员　黄　特 关注微信公众号“马克数据网”
https://wenshu.court.gov.cn/website/wenshu/181107ANFZ0BXSK4/index.html?docId=2dd9152bfd32472491c7a7ef010444d7,（2014）民四终字第12号,广保国际集团有限公司、广州市电力建设有限公司融资租赁合同纠纷二审民事判决书,最高人民法院,,民事案件,1,www.macrodatas.cn,二审,1995-01-01,2017-09-15,"广保国际集团有限公司,广州市电力建设有限公司,广东省富银实业发展总公司,广东省电力技术改进公司,广州市电力有限公司,广州万力集团有限公司,广州保税区广保电力发展有限公司,广州保税区国际投资发展有限公司,广保国际发展有限公司,广州保税区沈穗（国际）经济技术开发公司,海星实业集团有限公司,国际租赁有限公司,广州国际信托投资公司",融资租赁合同纠纷,,
https://wenshu.court.gov.cn/website/wenshu/181107ANFZ0BXSK4/index.html?docId=f9afc80666b1417495f7a907017d02bf,（2018）鲁0211刑初684号,王某某一审刑事判决书,青岛市黄岛区人民法院,青岛市,刑事案件,4,www.macrodatas.cn,一审,1995-01-04,2018-06-25,,,,文书内容山东省青岛市黄岛区人民法院刑 事 判 决 书（2018）鲁0211刑初684号被告人基本情况&#xD;    &#xD;    &#xD;      姓名&#xD;    &#xD;    &#xD;      王某某&#xD;    &#xD;    &#xD;      出生日期&#xD;    &#xD;    &#xD;      1995年1月4日&#xD;    &#xD;    &#xD;      民族&#xD;    &#xD;    &#xD;      汉族　&#xD;    &#xD;  &#xD;  &#xD;    &#xD;      性别&#xD;    &#xD;    &#xD;      　男&#xD;    &#xD;    &#xD;      文化程度&#xD;    &#xD;    &#xD;      大专&#xD;    &#xD;    &#xD;      职业&#xD;    &#xD;    &#xD;      务工&#xD;    &#xD;  &#xD;  &#xD;    &#xD;      身份证号码&#xD;    &#xD;    &#xD;      住址&#xD;    &#xD;    &#xD;      现住青岛市黄岛区（户籍所在地山东省安丘市）。&#xD;    &#xD;  &#xD;  &#xD;    &#xD;      此前所受法律处罚时间、事由&#xD;    &#xD;    &#xD;      无&#xD;    &#xD;  &#xD;  &#xD;    &#xD;      强制措施&#xD;    &#xD;    &#xD;      2017年5月24日因涉嫌危险驾驶罪被青岛市公安局青岛经济技术开发区分局取保候审；2018年5月24日被青岛市黄岛区人民检察院取保候审。&#xD;    &#xD;  &#xD;  &#xD;    &#xD;      公诉机关&#xD;      指控情况&#xD;    &#xD;    &#xD;      公诉机关&#xD;    &#xD;    &#xD;      青岛市黄岛区人民检察院&#xD;    &#xD;  &#xD;  &#xD;    &#xD;      起诉书文号&#xD;    &#xD;    &#xD;      青黄岛检公刑诉【2018】684号　&#xD;    &#xD;  &#xD;  &#xD;    &#xD;      指控事实&#xD;    &#xD;    &#xD;      2017年4月26日5时许，被告人王某某酒后驾驶鲁XX号小型轿车行驶至青岛经济技术开发区江山路与松花江路路口发生单方交通事故，致道路中间护栏损坏。民警到达现场后发现王某某有饮酒嫌疑。后经对王某某抽取血样进行乙醇含量检测，其血样中乙醇含量为112.2mg/100ml，属醉酒状态，涉嫌危险驾驶罪。经定损认定，被撞毁的护栏损失共计人民币14526元，被告人王某某已赔付。&#xD;    &#xD;  &#xD;  &#xD;  &#xD;    &#xD;      指控罪名&#xD;    &#xD;    &#xD;      危险驾驶罪　&#xD;    &#xD;  &#xD;  &#xD;    &#xD;      量刑建议&#xD;    &#xD;    &#xD;      判处拘役一个月至二个月，并处罚金。&#xD;    &#xD;  &#xD;  &#xD;    &#xD;      被告人意见&#xD;    &#xD;    &#xD;      对指控事实、罪名及量刑建议没有异议且签字具结，在开庭审理过程中亦无异议。&#xD;    &#xD;  &#xD;  &#xD;    &#xD;      判决理由&#xD;    &#xD;    &#xD;      被告人王某某醉酒后在道路上驾驶机动车，其行为构成危险驾驶罪。公诉机关指控被告人王某某犯危险驾驶罪的事实清楚，证据确实充分，指控罪名成立，量刑建议适当，应予采纳。被告人王某某系自首且自愿认罪认罚，依法予以从轻处罚。&#xD;    &#xD;  &#xD;  &#xD;    &#xD;      法律依据&#xD;    &#xD;    &#xD;      《中华人民共和国刑法》第一百三十三条之一、第六十七条第一款、第七十二条、第七十三条、第五十二条&#xD;    &#xD;  &#xD;  &#xD;    &#xD;      判决结果&#xD;    &#xD;    &#xD;      被告人王某某犯危险驾驶罪，判处拘役一个月，缓刑二个月，并处罚金人民币三千元。&#xD;    &#xD;  &#xD;  &#xD;    &#xD;      执行起算&#xD;    &#xD;    &#xD;      缓刑考验期限从判决确定之日起算。缓刑考验期内，依法实行社区矫正。罚金已缴纳。&#xD;    &#xD;  &#xD;  &#xD;    &#xD;      权利告知&#xD;    &#xD;    &#xD;      如不服本判决，可在接到判决书的第二日起十日内，通过本院或者直接向山东省青岛市中级人民法院提出上诉。书面上诉的，应当提交上诉状正本一份，副本二份。&#xD;    &#xD;  &#xD;  &#xD;    &#xD;      审  判  员       侯  风&#xD;      二〇一八年六月十一日&#xD;      法 官 助 理      刘  亮&#xD;      书  记  员       李  梅&#xD;    &#xD;  &#xD; 更多数据：www.macrodatas.cn
https://wenshu.court.gov.cn/website/wenshu/181107ANFZ0BXSK4/index.html?docId=0a3df375f23f487a9d5ba8eb00e7806c,（2017）鲁0212刑初504号,山东省青岛市崂山区人民检察院与张晓会盗窃罪一审刑事判决书,青岛市崂山区人民法院,青岛市,刑事案件,4,www.macrodatas.cn,一审,1995-01-25,2018-05-25,,,,		{C}		山东省青岛市崂山区人民法院	刑 事 判 决 书	（2017）鲁0212刑初504号																											被告人													基本情况																							姓 名																							张晓会（曾用名张炳鹏）																							出生日期																							1995年1月25日																							民族																							汉族																															性 别																							男																							身份证号																							此前所受法律处罚时间、事由																							无																															强制措施情况																							2017年6月6日被刑事拘留，同年6月13日被监视居住，同年10月3日被拘留，同年10月17日被逮捕																															公诉机关													指控意见													公诉机关																							山东省青岛市崂山区人民检察院																															起诉书文号																							青崂山检公刑诉（2017）519号																															指控事实													被告人张晓会于2017年6月5日9时许，在本市崂山区，趁赵宏伟熟睡之机，窃得放置于床头的Iphone6s手机1部（价值人民币3 325元）。该接到赵宏伟电话后退还上述手机。																															指控罪名																							盗窃罪																															量刑建议																							拘役三个月至六个月，并处罚金人民币一千元。																															被告人意见																							对指控事实、罪名及量刑建议没有异议且签字具结，在开庭审理过程中亦无异议。																															判决理由																							公诉机关指控被告人张晓会犯盗窃罪事实清楚，证据确实、充分，指控罪名成立，量刑建议适当，应予采纳。被告人张晓会到案后能如实供述自己的罪行，依法可以从轻处罚；该主动退缴赃物，酌情予以从轻处罚。																															法律依据																							《中华人民共和国刑法》第二百六十四条、第六十七条第三款和第五十二条																															判决结果																							被告人张晓会犯盗窃罪，判处拘役四个月，并处罚金人民币一千元。													（刑期自2017年10月3日起至2018年1月26日止。罚金已缴纳。）																															权利告知																							如不服本判决，可在接到判决书的第二日起十日内，通过本院或者直接向山东省青岛市中级人民法院提出上诉。书面上诉的，应当提交上诉状正本一份，副本二份。																															审 判 员 高 萍													二〇一七年十二月二十一日													书 记 员 霍 静 静															 微信公众号“马克数据网”
https://wenshu.court.gov.cn/website/wenshu/181107ANFZ0BXSK4/index.html?docId=4c56efa2782f4006ad0ea7fe0174c12a,（2017）川0183刑初488号,张雄容留他人吸毒罪一审刑事判决书,邛崃市人民法院,邛崃市,刑事案件,4,www.macrodatas.cn,一审,1995-01-24,2017-10-10,,,,四川省邛崃市人民法院刑 事 判 决 书（2017）川0183刑初488号被告人基本情况姓名张雄性别男民族汉族文化程度初中出生日期一九九五年一月二十四日居民身份证号码510XXXX户籍所在地四川省邛崃市XX镇XX村X组。住所地四川省邛崃市XX镇XX村X组。前科情况2015年11月18日因犯盗窃罪被本院判处有期徒刑6个月，并处罚金1千元，2016年1月16日刑满释放；2017年1月12日因犯盗窃罪被本院判处有期徒刑6个月，并处罚金2千元，2017年4月3日刑满释放。强制措施2017年6月14日因涉嫌犯容留他人吸毒罪被邛崃市公安局刑事拘留，2017年6月28日经邛崃市人民检察院批准被执行逮捕。现羁押于邛崃市看守所。公诉机关指控意见公诉机关四川省邛崃市人民检察院公诉人唐怡起诉书文号邛检公诉刑诉[2017]444号指控事实2017年6月5日晚，被告人张雄到邛崃市临邛街道东虹路165号康佳旅馆开房入住2-1号房间。次日凌晨1时许，张某某来到张雄的房间，邀约张雄一起吸食毒品。二人购买矿泉水、吸管和锡箔纸回到房间制作吸毒工具。中途，张雄离开房间在旅馆外遇见高某某（2002年7月12日出生）和黄某某某（已行政处罚），便邀约二人到其房间吸毒。张雄将高某某和黄某某某带到房间内，与张某某一起吸食甲基苯丙胺。指控罪名容留他人吸毒罪量刑建议具有坦白、认罪情节辩解意见被告人张雄对指控的犯罪事实及罪名均无异议，并自愿认罪。审理查明的事实经本院审理查明的事实与指控一致。另查明，2017年6月6日早晨，张雄离开房间到邛崃市临邛街道东虹路静心网吧上网。当日10时许，公安民警到静心网吧巡查，见张雄神色紧张，形迹可疑，遂对其盘问，张雄即主动交代了与高浚鑫、黄叶江涌和张某某共同吸毒的事实。随即，公安民警将张雄传唤至邛崃市公安局文君派出所接受调查。经尿检，张雄尿液甲基苯丙胺呈阳性。2017年6月6日，张雄因吸毒被公安机关给予行政拘留14日的行政处罚。判决理由被告人张雄提供场所容留他人吸食毒品，其行为已构成容留他人吸毒罪，依法应予刑事处罚。被告人张雄曾因故意犯罪被判处有期徒刑，在刑罚执行完毕后五年以内故意再犯应当判处有期徒刑以上刑罚之罪，系累犯，依法应当从重处罚。被告人张雄因形迹可疑，被公安民警盘问，主动向公安机关交代尚未被掌握的容留他人吸毒的犯罪事实，系自首，依法可以从轻或者减轻处罚。审理中，被告人张雄表示自愿认罪，可以酌情从轻处罚。公诉机关指控被告人张雄犯容留他人吸毒罪的事实和罪名成立，本院予以支持。法律依据《中华人民共和国刑法》第三百五十四条，第六十五条第一款，第六十七条第一款，第五十二条、第五十三条，第六十四条，《最高人民法院关于审理毒品犯罪案件适用法律若干问题的解释》第十二条第一款第一项、第四项和《最高人民法院关于处理自首和立功具体应用法律若干问题的解释》第一条判决结果被告人张雄犯容留他人吸毒罪，判处有期徒刑六个月，并处罚金五千元（罚金限于本判决生效后三十日内缴纳）。（刑期从判决执行之日起计算。判决执行以前先行羁押的，羁押一日折抵刑期一日，即自2017年6月14日起至2017年12月13日止）。上诉权利告知如不服本判决，可在接到判决书的第二日起十日内，通过本院或者直接向四川省成都市中级人民法院提出上诉。书面上诉的，应当提交上诉状正本一份，副本二份。审判组织审判员朱勇二Ｏ一七年九月十三日书记员杜京倍 百度搜索“马 克 数 据 网”
