﻿原始链接,案号,案件名称,法院,所属地区,案件类型,案件类型编码,来源,审理程序,裁判日期,公开日期,当事人,案由,法律依据,全文
https://wenshu.court.gov.cn/website/wenshu/181107ANFZ0BXSK4/index.html?docId=f03f031872154cb1a5c0e0840dcb8057,（1999）修法执字493号,薛二良与薛垂山民间借贷纠纷执行裁定书,修武县人民法院,修武县,执行案件,2,www.macrodatas.cn,,1999-11-15,2018-01-05,"薛二良,薛垂山",,,河南省修武县人民法院执 行 裁 定 书(1999）修法执字493号申请执行人：薛二良，男，1957年8月生，汉族，住，务农。被执行人：薛垂山，男，1965年1日出生，汉族，住。薛二良申请执行薛垂山民间借贷纠纷一案，执行中查明被执行人在房管部门未登记有房产，车管部门未登记有车辆，银行查询无存款，申请执行人举报不出可供执行的财产。依照《最高人民法院关于执行案件立案、结案若干问题的意见》第十六条第三款、《中华人民共和国民事诉讼法解释》第五百一十九条的规定，裁定如下：终结修武县人民法院（1999）修民初字第176号民事调解书的本次执行程序。对被执行人尚未实现的上述债权，应由被执行人继续清偿，并支付迟延履行期间的债务利息。日后，被执行人有履行能力或者其他条件的，申请被执行人可持原生效法律文书及本裁定书，向本院或者其他有管辖权的人民法院重新申请执行。本裁定送达后即发生法律效力。审判长　　柴永利审判员　　张　虎审判员　　崔世兵一九九九年十一月十五日书记员　　常小刚 百度搜索“马 克 数 据 网”
https://wenshu.court.gov.cn/website/wenshu/181107ANFZ0BXSK4/index.html?docId=71f5eeb7d57b4894b5b1a71a0096acf2,（1999）阿民初字第48号,努尔阿恒与孙吉庆欠款纠纷一审民事判决书,阿克塞哈萨克族自治县人民法院,阿克塞哈萨克族自治县,民事案件,1,www.macrodatas.cn,一审,1999-11-03,2017-02-24,"努尔阿恒,孙吉庆",合同、无因管理、不当得利纠纷,《中华人民共和国民法通则》：第一百零八条,"甘肃省阿克塞哈萨克族自治县人民法院民 事 判 决 书（1999）阿民初字第48号原告：努尔阿恒，男。被告：孙吉庆，男。原告努尔阿恒与被告孙吉庆欠款纠纷一案，本院受理后，依法由审判员阿尔斯坦独任审判，公开开庭进行了审理。原告努尔阿恒、被告孙吉庆到庭参加了诉讼。本案现已审理终结。原告努尔阿恒诉称；我于一九九六年向建设乡基金会贷款2万元，自筹25000元，共计45000元购买了一辆农用车，购买后因无经营能力，以4万元的价格出售给被告孙吉庆。当时由于被告无支付经济能力，其自愿要求将建设乡基金会的2万无贷款及利息定于一九九九年九月二十三日全部还清，否则一切责任由被告承担，并出具了亲笔书证。但被告未能主动履行偿还义务，给原告造成了不应有的经济损失，为此，请求法院判令被告孙吉庆偿还建设乡合作基金会借款2万元，利息6570元及个人借款5000元，并承担本案的全部诉讼费用。被告孙吉庆辩称：我们当时商定的车价为38000元后由于车有毛病。原告减了2000元，因此，我只能承担36000元，原告将其在建设乡合作基金会的2万元债务给我转移是事实，应由我偿还。原告个人借款的多部分已还，剩余的连同合作基金会的借款一起在三年之内分批还清。故请求法院准许我的要求。经审理查明：原告于一九九七年二月将其个人所有的农用方圆车以38000元卖给了孙吉庆，因孙吉庆不能付清全部车款，双方口头商议将原告于一九九六年九月二十三日在建设乡合作基金会所贷的2万元债务转移给孙吉庆，并约定该款于一九九九年九月二十三日还清，至此，被告出具了凭据，余款18000元议定为分期分批偿还，但未商定还款期限。事后，孙吉庆向原告先后给付了11870元，尚欠29650元（建设乡合作基金会贷款2万元，利息6750元，原告个人欠款3080元）未付。开庭审理时，原告努尔阿恒与被告孙吉庆对上述事实均无异议。努尔阿恒向法庭提供了由原告孙吉庆出具的债务转移证明及欠款凭据和建设乡合作基金会出具的贷款利息证明，孙吉庆提供的由努尔阿恒及其亲戚出具的收款凭据均在案做证。本院认为：原、被告之间发生的买卖关系是平等自愿下成立的，并不违反法律规定，应予维持。双方经自愿协商，将原告的债务转移给被告是事实，但未征得债权人的同意，故债务转移关系不能成立，建设乡基金会的债权应由原告负责偿还。被告未按约定期限给付欠款，属违约行为，被告理应足额给付车价款并承担一定的违约责任。故依照《中华人民共和国民法通则》第一百零八条之规定，判决如下：被告孙吉庆偿还原告努尔阿恒欠款23080元,并承担逾期付款利息6750元。于判决生效之日起30日内一次付清，若逾期给付，按银行同期利息加倍支付履行期问的债务利息。案件受理费1040元，由被告孙吉庆承担。如不服本判决，可在判决书送达之日起15日内向本院递交上诉状正本一份，副本2份，上诉于酒泉地区中级人民法院。审判员　阿尔斯坦一九九九年十一月三日书记员　王 俊 文 关注公众号“马克数据网”"
https://wenshu.court.gov.cn/website/wenshu/181107ANFZ0BXSK4/index.html?docId=3353b76ec99d41d79dfba71a0096c907,（1999）阿经初字第22号,阿克塞县和平乡民主牧业矿与赵建明石棉生产承包合同纠纷一审民事判决书,阿克塞哈萨克族自治县人民法院,阿克塞哈萨克族自治县,民事案件,1,www.macrodatas.cn,一审,1999-11-05,2017-02-22,"阿克塞县和平乡民主牧业石棉矿,赵建明",合同纠纷,《中华人民共和国合同法》：第六条；《中华人民共和国民法通则》：第一百零八条,甘肃省阿克塞哈萨克族自治县人民法院民 事 判 决 书（1999）阿经初字第22号原告：阿克塞县和平乡民主牧业石棉矿。法定代表人：陈西娟，矿长。被告人：赵建明，男。原告阿克塞县和平乡民主牧业矿与被告赵建明石棉生产承包合同纠纷一案，本院受理后，依法由审判员段晓明独任审判，公开开庭进行了审理，原、被告均到庭参加了诉讼，本案现已审理终结。原告阿克塞县和平乡民主牧业矿诉称：1999年3月，被告赵建明承包我方石棉矿进行生产，现合同履行期限已到，被告未按约定偿付我方承包费80000元。另被告尚欠我方柴油款11617.90元及其它借款350元。现起诉法院，要求被告赵建明偿付我方承包费80000元，柴油款11617.90元，欠款350元，并承担本案的诉讼费用。被告赵建明辩称；现石棉矿经营亏损，暂无偿还能力，等经营状况好转时再行偿付。经审理查明：1999年3月1日，原告阿克塞县和平乡民主牧业矿与被告赵建明签订了石棉承包生产合同书，由被告生产经营原告方石棉矿。合同约定“被告赵建明交纳原告阿克塞和平乡民主牧业矿承包费80000元（99年6月20日前交纳30000元，7月30日前交纳20000元，9月31日前交纳30000元），合同履行期限止1999年12月30日”。合同履行期间，被告赵建明向原告法定代表人陈西娟购买价值11617.90元的柴油，并借款350元，由赵建明出具欠条。为保证合同履行，1999年10月14日，经原、被告协商，被告将其部分设备转移给原告所有。但仍由被告使用，后因被告管理不善，经营状况恶化，石棉矿被迫停产，原告起诉法院，要求被告偿付石棉矿承包费，柴油款、借款，并承担本案的诉讼费用。本院确认的上述事实，有原、被告双方的陈述，石棉矿生产承包合同书，财产移交协议，欠款凭据等证据在案为凭，已经开庭质证，足以认定。本院认为原、被告双方签订的石棉矿生产承包合同书系双方当事人的真实意思表示，且符合有关法律规定，应认定合法有效，双方应严格按合同约定履行义务。双方借贷行为也系双方真实意思表示，被告应承担给付义务。依照《中华人民共和国经济合同法》第六条、《中华人民共和国民法通则》第一百零八条之规定，判决如下：一、原、被告双方签订的石棉生产承包合同书为有效合同。二、被告赵建明自本判决生效之日起第十日内，向原告阿克塞县和平乡民主牧业矿偿付承包费80000元，柴油款11617.90元，欠款350元。案件受理费3269元，由被告赵建明承担。如不服本判决，可在接到本判决书之日起15日内，向本院递交上诉状正本一份，副本2份，上诉于甘肃省酒泉地区中级人民法院。审判员　　段晓明一九九九年十一月五日书记员　　刘　燕 来自：www.macrodatas.cn
https://wenshu.court.gov.cn/website/wenshu/181107ANFZ0BXSK4/index.html?docId=09279e6a56924fb18ff4a86200c66257,（1999）修法执字493号,薛二良与薛垂山民间借贷纠纷执行裁定书,修武县人民法院,修武县,执行案件,2,www.macrodatas.cn,,1999-11-15,2018-02-26,"薛二良,薛垂山",,,河南省修武县人民法院执 行 裁 定 书(1999）修法执字493号申请执行人：薛二良，男，1957年8月生，汉族，住，务农。被执行人：薛垂山，男，1965年1日出生，汉族，住。薛二良申请执行薛垂山民间借贷纠纷一案，执行中查明被执行人在房管部门未登记有房产，车管部门未登记有车辆，银行查询无存款，申请执行人举报不出可供执行的财产。依照《最高人民法院关于执行案件立案、结案若干问题的意见》第十六条第三款、《中华人民共和国民事诉讼法解释》第五百一十九条的规定，裁定如下：终结修武县人民法院（1999）修民初字第176号民事调解书的本次执行程序。对被执行人尚未实现的上述债权，应由被执行人继续清偿，并支付迟延履行期间的债务利息。日后，被执行人有履行能力或者其他条件的，申请被执行人可持原生效法律文书及本裁定书，向本院或者其他有管辖权的人民法院重新申请执行。本裁定送达后即发生法律效力。审判长　　柴永利审判员　　张　虎审判员　　崔世兵一九九九年十一月十五日书记员　　常小刚 来源：百度搜索“马克数据网”
